Entertainment,Boredom,Learning & Research,Social Connection,Following News,Work/Study Requirements
Entertainment,Boredom,,,,
Entertainment,,,,,
Entertainment,Boredom,,,,
Entertainment,Boredom,,,,
Entertainment,,Learning & Research,,,
Entertainment,,,,,
Entertainment,Boredom,,,,
Entertainment,Boredom,,,,
Entertainment,Boredom,,,,
Entertainment,,,,,
Entertainment,Boredom,,,,
Entertainment,Boredom,,,,
Entertainment,,Learning & Research,,,
Entertainment,,,,,
Entertainment,Boredom,,,,
Entertainment,,,,,
Entertainment,Boredom,,,,
Entertainment,Boredom,,,,
Entertainment,Boredom,,,,
Entertainment,,,,,
Entertainment,Boredom,,,,
Entertainment,Boredom,,,,
Entertainment,Boredom,,,,
Entertainment,Boredom,,,,
Entertainment,,,,,
Entertainment,Boredom,,,,
Entertainment,,,,,
Entertainment,Boredom,,,,
Entertainment,,,,,
Entertainment,,Learning & Research,,,
Entertainment,,,,,
Entertainment,,,,,
Entertainment,Boredom,,,,
Entertainment,Boredom,,,,
Entertainment,,,,,
Entertainment,Boredom,,,,
Entertainment,,Learning & Research,,,
Entertainment,Boredom,,,,
Entertainment,Boredom,,,,
Entertainment,Boredom,,,,
Entertainment,,,,,
Entertainment,,,,,
Entertainment,Boredom,,,,
Entertainment,Boredom,,,,
Entertainment,,,,,
Entertainment,,,,,
Entertainment,Boredom,,,,
Entertainment,Boredom,,,,
Entertainment,Boredom,,,,
Entertainment,Boredom,,,,
Entertainment,Boredom,,,,
Entertainment,Boredom,,,,
Entertainment,Boredom,,,,
Entertainment,Boredom,,,,
Entertainment,Boredom,,,,
Entertainment,,,,,
Entertainment,Boredom,,,,
Entertainment,Boredom,,,,
Entertainment,Boredom,,,,
Entertainment,Boredom,,,,
Entertainment,,,,,
Entertainment,Boredom,,,,
Entertainment,,,,,
Entertainment,Boredom,,,,
Entertainment,,Learning & Research,,,
Entertainment,,,,,
Entertainment,Boredom,,,,
Entertainment,Boredom,,,,
Entertainment,,,,,
Entertainment,,,,,
Entertainment,,Learning & Research,,,
Entertainment,Boredom,,,,
Entertainment,,Learning & Research,,,
Entertainment,Boredom,,,,
Entertainment,Boredom,,,,
Entertainment,Boredom,,,,
,,,Social Connection,,Work/Study Requirements
,,,Social Connection,,Work/Study Requirements
,Boredom,Learning & Research,,,
,Boredom,,,Following News,
Entertainment,,,,Following News,
,Boredom,,,,
,,,,,Work/Study Requirements
,,,Social Connection,,
,,,Social Connection,,
Entertainment,,,Social Connection,,
Entertainment,,,Social Connection,,
,,,,Following News,
,,Learning & Research,,,
,Boredom,,,,
,Boredom,,,,
,Boredom,,,Following News,
,,,Social Connection,,Work/Study Requirements
Entertainment,,,,Following News,
Entertainment,,,,Following News,
,Boredom,,,,
,Boredom,,,Following News,
Entertainment,,,Social Connection,,
,Boredom,,,,
Entertainment,,,,Following News,
,,Learning & Research,,,
Entertainment,,,,Following News,
,,,,,Work/Study Requirements
,,,Social Connection,,
,Boredom,,,,
,Boredom,,,,
,Boredom,,,,
Entertainment,,,,Following News,
,,,Social Connection,,Work/Study Requirements
,Boredom,,,,
,Boredom,,,,
,,Learning & Research,,,
,Boredom,,,,
,Boredom,,,,
,,,Social Connection,,
Entertainment,,,Social Connection,,
,Boredom,,,,
,Boredom,,,,
Entertainment,,,,Following News,
,,,Social Connection,,Work/Study Requirements
,Boredom,,,,
,Boredom,Learning & Research,,,
,,,Social Connection,,
,Boredom,,,,
Entertainment,,,Social Connection,,
,Boredom,Learning & Research,,,
,Boredom,,,,
,Boredom,,,,
,Boredom,Learning & Research,,,
,Boredom,,,,
,Boredom,,,,
Entertainment,,,Social Connection,,
,Boredom,,,,
,Boredom,,,,
,,,Social Connection,,Work/Study Requirements
,Boredom,,,,
,Boredom,,,Following News,
Entertainment,,,,Following News,
,Boredom,,,,
,,,Social Connection,,Work/Study Requirements
,,,Social Connection,,Work/Study Requirements
,Boredom,,,,
,,,,Following News,
,Boredom,,,,
,Boredom,,,,
,Boredom,,,,
Entertainment,,,Social Connection,,
,,,,Following News,
,Boredom,,,,
,Boredom,,,,
,Boredom,Learning & Research,,,
,Boredom,,,,
,Boredom,,,Following News,
,Boredom,,,,
,Boredom,,,,
,,,Social Connection,,Work/Study Requirements
,Boredom,,,,
Entertainment,,,Social Connection,,
,,,Social Connection,,Work/Study Requirements
Entertainment,,,,Following News,
,,,Social Connection,,
,Boredom,,,,
,Boredom,,,,
,Boredom,,,,
Entertainment,,Learning & Research,,,Work/Study Requirements
Entertainment,,Learning & Research,,,Work/Study Requirements
,,Learning & Research,Social Connection,Following News,
Entertainment,Boredom,Learning & Research,,,
,Boredom,Learning & Research,,,Work/Study Requirements
Entertainment,,,Social Connection,Following News,
Entertainment,,,Social Connection,Following News,
Entertainment,Boredom,,,,Work/Study Requirements
,Boredom,,Social Connection,Following News,
,Boredom,,Social Connection,Following News,
,Boredom,,Social Connection,,Work/Study Requirements
,Boredom,,Social Connection,,Work/Study Requirements
,Boredom,,Social Connection,,Work/Study Requirements
,Boredom,Learning & Research,,,Work/Study Requirements
Entertainment,,,Social Connection,Following News,
Entertainment,Boredom,Learning & Research,,,
,Boredom,,Social Connection,,Work/Study Requirements
,,Learning & Research,Social Connection,,Work/Study Requirements
Entertainment,,,Social Connection,Following News,
,Boredom,Learning & Research,,,Work/Study Requirements
Entertainment,,Learning & Research,,,Work/Study Requirements
,Boredom,Learning & Research,Social Connection,,
,,Learning & Research,Social Connection,Following News,
Entertainment,,Learning & Research,,,Work/Study Requirements
Entertainment,Boredom,,,,Work/Study Requirements
Entertainment,,,Social Connection,Following News,
,Boredom,,Social Connection,,Work/Study Requirements
,Boredom,,Social Connection,Following News,
,Boredom,,Social Connection,,Work/Study Requirements
Entertainment,Boredom,Learning & Research,,,
,Boredom,,Social Connection,Following News,
,Boredom,Learning & Research,,,Work/Study Requirements
,,Learning & Research,Social Connection,,Work/Study Requirements
,Boredom,Learning & Research,,,Work/Study Requirements
,Boredom,,Social Connection,Following News,
Entertainment,Boredom,Learning & Research,,,
Entertainment,,,Social Connection,Following News,
Entertainment,,,Social Connection,Following News,
,,Learning & Research,Social Connection,Following News,
,Boredom,,Social Connection,Following News,
Entertainment,Boredom,Learning & Research,,,
Entertainment,,Learning & Research,,,Work/Study Requirements
Entertainment,Boredom,,Social Connection,,
Entertainment,,Learning & Research,Social Connection,,
Entertainment,Boredom,,,Following News,
Entertainment,Boredom,,,Following News,
Entertainment,Boredom,,,Following News,
Entertainment,Boredom,,Social Connection,,
Entertainment,Boredom,,Social Connection,,
Entertainment,Boredom,,,Following News,
Entertainment,Boredom,,Social Connection,,
Entertainment,Boredom,,,Following News,
Entertainment,,Learning & Research,Social Connection,,
Entertainment,,Learning & Research,,Following News,
Entertainment,Boredom,,,Following News,
Entertainment,,,Social Connection,,Work/Study Requirements
Entertainment,,,Social Connection,,Work/Study Requirements
Entertainment,Boredom,,,Following News,
Entertainment,Boredom,,,Following News,
Entertainment,Boredom,,,Following News,
Entertainment,,Learning & Research,Social Connection,,
Entertainment,,Learning & Research,,Following News,
Entertainment,Boredom,,Social Connection,,
Entertainment,Boredom,,,Following News,
Entertainment,Boredom,,,Following News,
Entertainment,Boredom,,Social Connection,,
Entertainment,,Learning & Research,Social Connection,,
Entertainment,,Learning & Research,,Following News,
Entertainment,Boredom,,,Following News,
Entertainment,,Learning & Research,,Following News,
Entertainment,,,Social Connection,,Work/Study Requirements
Entertainment,,Learning & Research,Social Connection,,
Entertainment,,Learning & Research,Social Connection,,
Entertainment,,Learning & Research,Social Connection,,
Entertainment,Boredom,,Social Connection,,
Entertainment,,Learning & Research,Social Connection,,
Entertainment,Boredom,,,Following News,
Entertainment,Boredom,,,Following News,
Entertainment,,Learning & Research,Social Connection,,
Entertainment,,,Social Connection,,Work/Study Requirements
Entertainment,,Learning & Research,Social Connection,,
Entertainment,,Learning & Research,Social Connection,,
Entertainment,Boredom,,Social Connection,,
Entertainment,Boredom,,Social Connection,,
Entertainment,,,Social Connection,,Work/Study Requirements
Entertainment,Boredom,,,Following News,
Entertainment,,Learning & Research,,Following News,
Entertainment,Boredom,,Social Connection,,
Entertainment,Boredom,,,Following News,
Entertainment,,Learning & Research,Social Connection,,
Entertainment,Boredom,,Social Connection,,
Entertainment,Boredom,,,Following News,
Entertainment,Boredom,,,Following News,
Entertainment,,Learning & Research,Social Connection,,
Entertainment,,Learning & Research,Social Connection,,
Entertainment,Boredom,,,Following News,
Entertainment,,Learning & Research,Social Connection,,
Entertainment,,,Social Connection,,Work/Study Requirements
Entertainment,Boredom,,,Following News,
Entertainment,Boredom,,,Following News,
Entertainment,,Learning & Research,,Following News,
Entertainment,,Learning & Research,,Following News,
Entertainment,Boredom,,Social Connection,,
Entertainment,Boredom,,Social Connection,,
Entertainment,,,Social Connection,,Work/Study Requirements
Entertainment,Boredom,,Social Connection,,
Entertainment,,Learning & Research,,Following News,
Entertainment,,Learning & Research,Social Connection,,
Entertainment,,Learning & Research,,Following News,
Entertainment,Boredom,,,Following News,
Entertainment,,Learning & Research,Social Connection,,
Entertainment,Boredom,,Social Connection,,
Entertainment,Boredom,,,Following News,
Entertainment,,,Social Connection,,Work/Study Requirements
Entertainment,,Learning & Research,Social Connection,,
Entertainment,,,Social Connection,,Work/Study Requirements
Entertainment,,Learning & Research,Social Connection,,
Entertainment,Boredom,,Social Connection,,
Entertainment,Boredom,,Social Connection,,
Entertainment,Boredom,,,Following News,
Entertainment,,,Social Connection,,Work/Study Requirements
Entertainment,Boredom,,Social Connection,,
Entertainment,Boredom,,Social Connection,,
Entertainment,,Learning & Research,Social Connection,,
Entertainment,Boredom,,,Following News,
Entertainment,,,Social Connection,,Work/Study Requirements
Entertainment,,Learning & Research,,Following News,
Entertainment,,Learning & Research,,Following News,
Entertainment,Boredom,Learning & Research,,Following News,
Entertainment,Boredom,,Social Connection,Following News,
Entertainment,Boredom,,Social Connection,Following News,
Entertainment,Boredom,,Social Connection,Following News,
Entertainment,Boredom,,Social Connection,Following News,
Entertainment,Boredom,,Social Connection,Following News,
Entertainment,Boredom,,Social Connection,Following News,
Entertainment,Boredom,Learning & Research,,,Work/Study Requirements
Entertainment,,Learning & Research,Social Connection,Following News,
Entertainment,Boredom,Learning & Research,,Following News,
Entertainment,,,Social Connection,Following News,Work/Study Requirements
Entertainment,Boredom,,Social Connection,Following News,
Entertainment,Boredom,,Social Connection,Following News,
,Boredom,Learning & Research,Social Connection,,Work/Study Requirements
Entertainment,Boredom,,Social Connection,Following News,
Entertainment,,Learning & Research,Social Connection,Following News,
Entertainment,,,Social Connection,Following News,Work/Study Requirements
Entertainment,Boredom,,Social Connection,Following News,
Entertainment,Boredom,Learning & Research,,,Work/Study Requirements
Entertainment,Boredom,,Social Connection,Following News,
,,Learning & Research,Social Connection,Following News,Work/Study Requirements
Entertainment,Boredom,Learning & Research,,,Work/Study Requirements
Entertainment,Boredom,Learning & Research,,,Work/Study Requirements
Entertainment,Boredom,Learning & Research,,,Work/Study Requirements
Entertainment,,Learning & Research,,Following News,Work/Study Requirements
Entertainment,Boredom,,,Following News,Work/Study Requirements
Entertainment,,Learning & Research,Social Connection,Following News,
Entertainment,Boredom,Learning & Research,,,Work/Study Requirements
,,Learning & Research,Social Connection,Following News,Work/Study Requirements
Entertainment,Boredom,Learning & Research,,,Work/Study Requirements
Entertainment,Boredom,Learning & Research,,,Work/Study Requirements
Entertainment,Boredom,,,Following News,Work/Study Requirements
Entertainment,Boredom,Learning & Research,,,Work/Study Requirements
Entertainment,Boredom,Learning & Research,,Following News,
Entertainment,Boredom,,Social Connection,Following News,
Entertainment,Boredom,Learning & Research,Social Connection,,
Entertainment,Boredom,Learning & Research,,Following News,
Entertainment,Boredom,Learning & Research,Social Connection,,
Entertainment,Boredom,Learning & Research,,,Work/Study Requirements
Entertainment,Boredom,Learning & Research,Social Connection,,
Entertainment,Boredom,,Social Connection,Following News,
,,Learning & Research,Social Connection,Following News,Work/Study Requirements
Entertainment,Boredom,Learning & Research,,,Work/Study Requirements
,,Learning & Research,Social Connection,Following News,Work/Study Requirements
Entertainment,Boredom,Learning & Research,,Following News,
,,Learning & Research,Social Connection,Following News,Work/Study Requirements
Entertainment,Boredom,Learning & Research,Social Connection,,
Entertainment,Boredom,,,Following News,Work/Study Requirements
Entertainment,Boredom,,Social Connection,Following News,
Entertainment,Boredom,,,Following News,Work/Study Requirements
Entertainment,Boredom,Learning & Research,,,Work/Study Requirements
,Boredom,Learning & Research,Social Connection,,Work/Study Requirements
,,Learning & Research,Social Connection,Following News,Work/Study Requirements
Entertainment,Boredom,,Social Connection,Following News,
Entertainment,Boredom,Learning & Research,,,Work/Study Requirements
Entertainment,Boredom,,Social Connection,Following News,
Entertainment,Boredom,Learning & Research,,,Work/Study Requirements
Entertainment,Boredom,Learning & Research,,,Work/Study Requirements
Entertainment,Boredom,,Social Connection,Following News,
Entertainment,Boredom,,Social Connection,Following News,
Entertainment,Boredom,Learning & Research,,Following News,
Entertainment,,Learning & Research,,Following News,Work/Study Requirements
Entertainment,Boredom,Learning & Research,,Following News,
Entertainment,Boredom,,Social Connection,Following News,
Entertainment,Boredom,,Social Connection,Following News,
Entertainment,Boredom,Learning & Research,,,Work/Study Requirements
Entertainment,Boredom,,,Following News,Work/Study Requirements
Entertainment,Boredom,Learning & Research,Social Connection,,
Entertainment,Boredom,Learning & Research,,Following News,
Entertainment,Boredom,,Social Connection,Following News,
Entertainment,Boredom,Learning & Research,,,Work/Study Requirements
Entertainment,,Learning & Research,Social Connection,Following News,
Entertainment,Boredom,,Social Connection,Following News,
Entertainment,Boredom,,Social Connection,Following News,
Entertainment,Boredom,Learning & Research,,,Work/Study Requirements
Entertainment,,,Social Connection,Following News,Work/Study Requirements
Entertainment,Boredom,,Social Connection,Following News,
Entertainment,Boredom,Learning & Research,,,Work/Study Requirements
Entertainment,Boredom,Learning & Research,,,Work/Study Requirements
Entertainment,Boredom,,Social Connection,Following News,
Entertainment,Boredom,Learning & Research,,Following News,
Entertainment,Boredom,,Social Connection,Following News,
Entertainment,Boredom,,Social Connection,Following News,
Entertainment,Boredom,,Social Connection,Following News,
Entertainment,Boredom,Learning & Research,,Following News,
Entertainment,Boredom,Learning & Research,,Following News,
Entertainment,Boredom,Learning & Research,,Following News,
Entertainment,Boredom,Learning & Research,,Following News,Work/Study Requirements
Entertainment,Boredom,Learning & Research,Social Connection,,Work/Study Requirements
Entertainment,Boredom,Learning & Research,Social Connection,,Work/Study Requirements
Entertainment,Boredom,Learning & Research,Social Connection,Following News,Work/Study Requirements
Entertainment,Boredom,Learning & Research,Social Connection,Following News,Work/Study Requirements
Entertainment,Boredom,Learning & Research,Social Connection,,Work/Study Requirements
Entertainment,Boredom,Learning & Research,Social Connection,Following News,Work/Study Requirements
Entertainment,Boredom,Learning & Research,Social Connection,Following News,Work/Study Requirements
Entertainment,Boredom,Learning & Research,Social Connection,Following News,Work/Study Requirements
Entertainment,Boredom,Learning & Research,Social Connection,Following News,Work/Study Requirements
Entertainment,Boredom,Learning & Research,Social Connection,,Work/Study Requirements
Entertainment,Boredom,Learning & Research,Social Connection,Following News,
Entertainment,Boredom,Learning & Research,Social Connection,Following News,
Entertainment,Boredom,Learning & Research,Social Connection,Following News,Work/Study Requirements
Entertainment,Boredom,Learning & Research,Social Connection,Following News,Work/Study Requirements
Entertainment,Boredom,Learning & Research,Social Connection,Following News,Work/Study Requirements
Entertainment,Boredom,Learning & Research,Social Connection,Following News,
Entertainment,Boredom,Learning & Research,Social Connection,Following News,Work/Study Requirements
Entertainment,Boredom,Learning & Research,Social Connection,Following News,Work/Study Requirements
Entertainment,Boredom,Learning & Research,Social Connection,Following News,Work/Study Requirements
Entertainment,Boredom,Learning & Research,Social Connection,Following News,Work/Study Requirements
Entertainment,Boredom,Learning & Research,Social Connection,,Work/Study Requirements
Entertainment,Boredom,Learning & Research,Social Connection,Following News,Work/Study Requirements
Entertainment,Boredom,,Social Connection,Following News,Work/Study Requirements
Entertainment,Boredom,Learning & Research,Social Connection,Following News,Work/Study Requirements
Entertainment,Boredom,Learning & Research,Social Connection,Following News,Work/Study Requirements
Entertainment,Boredom,Learning & Research,Social Connection,Following News,Work/Study Requirements
Entertainment,Boredom,Learning & Research,Social Connection,Following News,Work/Study Requirements
Entertainment,Boredom,Learning & Research,Social Connection,Following News,Work/Study Requirements
Entertainment,Boredom,Learning & Research,Social Connection,Following News,Work/Study Requirements
Entertainment,Boredom,Learning & Research,,Following News,Work/Study Requirements
Entertainment,Boredom,Learning & Research,,Following News,Work/Study Requirements
Entertainment,Boredom,Learning & Research,Social Connection,Following News,Work/Study Requirements
Entertainment,Boredom,Learning & Research,Social Connection,Following News,Work/Study Requirements
Entertainment,Boredom,Learning & Research,Social Connection,Following News,Work/Study Requirements
Entertainment,Boredom,Learning & Research,Social Connection,Following News,Work/Study Requirements
Entertainment,Boredom,Learning & Research,Social Connection,Following News,Work/Study Requirements
Entertainment,Boredom,Learning & Research,Social Connection,Following News,
Entertainment,Boredom,,Social Connection,Following News,Work/Study Requirements
Entertainment,Boredom,Learning & Research,Social Connection,,Work/Study Requirements
Entertainment,Boredom,Learning & Research,Social Connection,Following News,Work/Study Requirements
Entertainment,Boredom,Learning & Research,Social Connection,Following News,
Entertainment,Boredom,,Social Connection,Following News,Work/Study Requirements
Entertainment,Boredom,Learning & Research,Social Connection,Following News,
Entertainment,Boredom,Learning & Research,Social Connection,Following News,Work/Study Requirements
Entertainment,Boredom,Learning & Research,Social Connection,Following News,Work/Study Requirements
Entertainment,Boredom,Learning & Research,Social Connection,Following News,Work/Study Requirements
Entertainment,Boredom,Learning & Research,Social Connection,,Work/Study Requirements
Entertainment,Boredom,Learning & Research,Social Connection,,Work/Study Requirements
Entertainment,Boredom,Learning & Research,Social Connection,Following News,
Entertainment,Boredom,Learning & Research,Social Connection,,Work/Study Requirements
Entertainment,Boredom,Learning & Research,Social Connection,Following News,Work/Study Requirements
Entertainment,Boredom,Learning & Research,Social Connection,Following News,
Entertainment,Boredom,Learning & Research,Social Connection,Following News,Work/Study Requirements
Entertainment,Boredom,Learning & Research,Social Connection,Following News,Work/Study Requirements
Entertainment,Boredom,Learning & Research,Social Connection,Following News,Work/Study Requirements
Entertainment,Boredom,Learning & Research,Social Connection,Following News,Work/Study Requirements
Entertainment,Boredom,Learning & Research,Social Connection,Following News,Work/Study Requirements
